name,adf_statistic,p_value,n_lags,is_stationary
TSLA Adj Close (level),-1.0386920113725686,0.7388920890165442,29,False
TSLA Daily Return,-55.14976432620232,0.0,0,True
BND Adj Close (level),-1.1165840205333903,0.7084132822885536,7,False
BND Daily Return,-21.277086768336186,0.0,6,True
SPY Adj Close (level),1.4333465513149257,0.9972604877550703,28,False
SPY Daily Return,-15.700587676779568,1.39770536746809e-28,12,True
