,MAE,RMSE,MAPE (%)
"ARIMA(0, 1, 0)",54.151953336818664,70.19678629158886,17.112170940360958
